<FieldValueTestCaseSet><FieldValueTestCase name="setScalarName"><Settings><FieldValueList name="Parameterization"><Field field="matlabScript" module="MatlabScriptWrapper" type="String">testString0 = 1</Field><Field field="scalarName0" module="MatlabScriptWrapper" type="String">testString0</Field><Field field="update" module="MatlabScriptWrapper" type="Trigger" /></FieldValueList><FieldValueList name="ExpectedResults"><Field field="scalar0" module="MatlabScriptWrapper" type="Double">1.0</Field></FieldValueList><FieldList name="ResultsToSave" /></Settings><Results /></FieldValueTestCase></FieldValueTestCaseSet>